"PatientID";"EmergencyContactID";"EmergencyName";"EmergencyContactNo"
1;1;"Pietro Maximoff";"9250254785"
2;2;"Pepper Stark";"9652341100"
3;3;"Bob Stone";"9874562118"
3;14;"Rhome Saringayat";"09501055480"
4;3;"Clint Barton";"9875632174"
5;5;"May Parker";"9785412344"
6;7;"Tesso De Guzman";"9501055479"
6;23;"Teresita De Guzman";"9873475322"
10;11;"Papa niya";"09345678910"
11;12;"Eddielyn Joy Bautista";"09501055478"
12;20;"Eduardo Bautista";"09501055508"
14;17;"Jepp Bautista";"09501055477"
15;18;"Jepp Bautista";"09501055500"
16;21;"Desiree Joy Bautista";"09501055477"
17;27;"Rami Calano";"9837462738"
18;28;"Hans Williams";"9354678943"
19;29;"Carlo Centeno";"9873647892"
